episode_index,seed,return,steps,terminated,truncated,final_position,max_position,longest_identical_action_run,longest_run_action,longest_run_start_step,action_0_count,action_1_count,action_2_count
0,20250310,-200.0,200,False,True,-0.6185439825057983,-0.404161661863327,6,2,18,71,65,64
1,20250311,-200.0,200,False,True,-0.4829358458518982,-0.38858312368392944,5,0,79,63,66,71
2,20250312,-200.0,200,False,True,-0.4369249939918518,-0.4191130995750427,5,0,11,57,78,65
3,20250313,-200.0,200,False,True,-0.44958654046058655,-0.4087586998939514,6,1,125,72,59,69
4,20250314,-200.0,200,False,True,-0.5424196124076843,-0.4569132924079895,7,0,168,58,75,67
5,20250315,-200.0,200,False,True,-0.42993006110191345,-0.4099619388580322,8,1,99,56,78,66
6,20250316,-200.0,200,False,True,-0.38162052631378174,-0.33723878860473633,6,0,72,67,64,69
7,20250317,-200.0,200,False,True,-0.5092549324035645,-0.3831403851509094,6,0,59,79,66,55
8,20250318,-200.0,200,False,True,-0.4733581840991974,-0.4111190438270569,4,0,48,75,64,61
9,20250319,-200.0,200,False,True,-0.4952574074268341,-0.42391741275787354,6,0,83,61,76,63
10,20250320,-200.0,200,False,True,-0.4803849756717682,-0.40146180987358093,6,0,125,73,61,66
11,20250321,-200.0,200,False,True,-0.3969719707965851,-0.3969719707965851,7,1,122,66,69,65
12,20250322,-200.0,200,False,True,-0.48906561732292175,-0.24101316928863525,5,2,29,71,66,63
13,20250323,-200.0,200,False,True,-0.4747484624385834,-0.38611117005348206,6,2,39,77,47,76
14,20250324,-200.0,200,False,True,-0.5272254347801208,-0.36977124214172363,6,0,91,63,68,69
15,20250325,-200.0,200,False,True,-0.42961645126342773,-0.410022109746933,6,0,74,70,67,63
16,20250326,-200.0,200,False,True,-0.5020627379417419,-0.3779485523700714,5,1,88,66,63,71
17,20250327,-200.0,200,False,True,-0.42925184965133667,-0.3977002203464508,5,2,162,57,73,70
18,20250328,-200.0,200,False,True,-0.581284761428833,-0.39558544754981995,5,1,106,60,67,73
19,20250329,-200.0,200,False,True,-0.5724026560783386,-0.3410078287124634,5,1,88,69,63,68
20,20250330,-200.0,200,False,True,-0.6296136975288391,-0.3767571449279785,7,1,149,66,68,66
21,20250331,-200.0,200,False,True,-0.5237759947776794,-0.37758398056030273,5,1,98,59,70,71
22,20250332,-200.0,200,False,True,-0.43324628472328186,-0.42834556102752686,5,0,93,69,67,64
23,20250333,-200.0,200,False,True,-0.5018277764320374,-0.4341185986995697,7,2,161,66,70,64
24,20250334,-200.0,200,False,True,-0.6172381639480591,-0.38482797145843506,5,1,37,61,68,71
25,20250335,-200.0,200,False,True,-0.5252541303634644,-0.49041685461997986,4,0,80,70,68,62
26,20250336,-200.0,200,False,True,-0.42132556438446045,-0.3802346885204315,5,2,100,64,71,65
27,20250337,-200.0,200,False,True,-0.626272976398468,-0.35435956716537476,5,0,49,64,63,73
28,20250338,-200.0,200,False,True,-0.5670265555381775,-0.46526849269866943,4,1,79,65,66,69
29,20250339,-200.0,200,False,True,-0.4248048961162567,-0.4237496852874756,6,2,109,58,71,71
30,20250340,-200.0,200,False,True,-0.47789862751960754,-0.37900176644325256,5,0,115,81,65,54
31,20250341,-200.0,200,False,True,-0.6289297938346863,-0.37851691246032715,5,0,113,73,67,60
32,20250342,-200.0,200,False,True,-0.5452106595039368,-0.4132242500782013,4,0,43,76,69,55
33,20250343,-200.0,200,False,True,-0.5371835827827454,-0.40392911434173584,6,2,54,60,68,72
34,20250344,-200.0,200,False,True,-0.473857045173645,-0.3594400882720947,8,2,75,63,69,68
35,20250345,-200.0,200,False,True,-0.6118714809417725,-0.40634894371032715,7,2,17,70,66,64
36,20250346,-200.0,200,False,True,-0.3560139834880829,-0.32858753204345703,5,2,26,57,66,77
37,20250347,-200.0,200,False,True,-0.5009902715682983,-0.36478641629219055,6,2,5,59,68,73
38,20250348,-200.0,200,False,True,-0.43786728382110596,-0.32100704312324524,6,1,15,67,70,63
39,20250349,-200.0,200,False,True,-0.5321059823036194,-0.3293502628803253,6,2,106,59,72,69
40,20250350,-200.0,200,False,True,-0.3300110995769501,-0.3300110995769501,6,1,182,74,67,59
41,20250351,-200.0,200,False,True,-0.462348997592926,-0.462348997592926,5,2,101,75,60,65
42,20250352,-200.0,200,False,True,-0.42953139543533325,-0.3822336196899414,5,0,136,70,61,69
43,20250353,-200.0,200,False,True,-0.6980322599411011,-0.3310568332672119,4,2,24,58,71,71
44,20250354,-200.0,200,False,True,-0.6672888994216919,-0.39720651507377625,5,1,140,69,76,55
45,20250355,-200.0,200,False,True,-0.541021466255188,-0.21421532332897186,4,1,64,63,72,65
46,20250356,-200.0,200,False,True,-0.5328253507614136,-0.2988848388195038,6,1,28,61,68,71
47,20250357,-200.0,200,False,True,-0.3966372013092041,-0.384015291929245,5,2,115,73,56,71
48,20250358,-200.0,200,False,True,-0.5272099375724792,-0.4676094055175781,6,2,61,57,66,77
49,20250359,-200.0,200,False,True,-0.6338193416595459,-0.4120769500732422,6,1,25,61,65,74
50,20250360,-200.0,200,False,True,-0.6503584384918213,-0.4306515157222748,7,0,36,70,65,65
51,20250361,-200.0,200,False,True,-0.5912224650382996,-0.39899906516075134,4,2,174,68,63,69
52,20250362,-200.0,200,False,True,-0.5678645968437195,-0.45675572752952576,6,0,60,75,62,63
53,20250363,-200.0,200,False,True,-0.7561482787132263,-0.2772780656814575,4,0,121,67,75,58
54,20250364,-200.0,200,False,True,-0.49500441551208496,-0.3321101665496826,7,0,112,67,64,69
55,20250365,-200.0,200,False,True,-0.6012467741966248,-0.3750472366809845,5,2,56,62,63,75
56,20250366,-200.0,200,False,True,-0.4083479642868042,-0.3681637942790985,4,2,42,54,82,64
57,20250367,-200.0,200,False,True,-0.5890589356422424,-0.34445303678512573,6,1,20,60,73,67
58,20250368,-200.0,200,False,True,-0.40581339597702026,-0.40581339597702026,5,0,136,65,71,64
59,20250369,-200.0,200,False,True,-0.516873836517334,-0.45912569761276245,5,0,33,69,66,65
60,20250370,-200.0,200,False,True,-0.4268988072872162,-0.39920106530189514,5,0,96,69,65,66
61,20250371,-200.0,200,False,True,-0.7328415513038635,-0.34520864486694336,6,1,162,60,70,70
62,20250372,-200.0,200,False,True,-0.37082579731941223,-0.3697289228439331,5,0,141,68,55,77
63,20250373,-200.0,200,False,True,-0.6368428468704224,-0.3031828999519348,5,2,89,64,59,77
64,20250374,-200.0,200,False,True,-0.6685478687286377,-0.4089388847351074,7,0,11,75,66,59
65,20250375,-200.0,200,False,True,-0.5928422212600708,-0.4041450321674347,5,1,80,72,72,56
66,20250376,-200.0,200,False,True,-0.5341895222663879,-0.4436458647251129,7,1,115,72,63,65
67,20250377,-200.0,200,False,True,-0.5608534216880798,-0.29871466755867004,5,2,10,61,69,70
68,20250378,-200.0,200,False,True,-0.5183297395706177,-0.43330875039100647,4,0,11,64,69,67
69,20250379,-200.0,200,False,True,-0.5452397465705872,-0.43825191259384155,5,2,24,56,65,79
70,20250380,-200.0,200,False,True,-0.48645415902137756,-0.3778269588947296,5,2,95,71,60,69
71,20250381,-200.0,200,False,True,-0.5081295967102051,-0.4506235718727112,5,1,127,72,56,72
72,20250382,-200.0,200,False,True,-0.40943989157676697,-0.4042566418647766,5,1,40,54,71,75
73,20250383,-200.0,200,False,True,-0.4594680070877075,-0.4513440728187561,7,0,122,70,64,66
74,20250384,-200.0,200,False,True,-0.4758964478969574,-0.4067797362804413,5,2,119,68,61,71
75,20250385,-200.0,200,False,True,-0.3195844888687134,-0.3195844888687134,5,1,52,69,68,63
76,20250386,-200.0,200,False,True,-0.3799085319042206,-0.3220159709453583,7,0,57,55,72,73
77,20250387,-200.0,200,False,True,-0.5941129922866821,-0.33826589584350586,4,2,42,67,69,64
78,20250388,-200.0,200,False,True,-0.5968886017799377,-0.4500574469566345,4,0,25,64,66,70
79,20250389,-200.0,200,False,True,-0.4052617847919464,-0.4052617847919464,5,2,23,59,75,66
80,20250390,-200.0,200,False,True,-0.5811693668365479,-0.32022425532341003,5,2,167,73,65,62
81,20250391,-200.0,200,False,True,-0.5967159867286682,-0.38208702206611633,6,2,65,69,61,70
82,20250392,-200.0,200,False,True,-0.5400660634040833,-0.42022839188575745,5,0,186,70,64,66
83,20250393,-200.0,200,False,True,-0.5831661820411682,-0.42803746461868286,5,2,54,66,58,76
84,20250394,-200.0,200,False,True,-0.5426997542381287,-0.36113667488098145,6,0,120,66,63,71
85,20250395,-200.0,200,False,True,-0.39001190662384033,-0.34227144718170166,5,0,85,73,68,59
86,20250396,-200.0,200,False,True,-0.36639538407325745,-0.35596802830696106,5,2,21,72,50,78
87,20250397,-200.0,200,False,True,-0.6291268467903137,-0.35609006881713867,6,2,148,64,59,77
88,20250398,-200.0,200,False,True,-0.42819666862487793,-0.32959267497062683,6,1,19,67,64,69
89,20250399,-200.0,200,False,True,-0.5658645033836365,-0.429892897605896,9,0,125,69,75,56
90,20250400,-200.0,200,False,True,-0.4809448719024658,-0.4546051621437073,7,0,104,63,76,61
91,20250401,-200.0,200,False,True,-0.549516499042511,-0.49376577138900757,6,0,131,78,70,52
92,20250402,-200.0,200,False,True,-0.3177841305732727,-0.28615736961364746,6,1,93,70,62,68
93,20250403,-200.0,200,False,True,-0.5029246807098389,-0.4247741103172302,4,2,79,68,62,70
94,20250404,-200.0,200,False,True,-0.48368605971336365,-0.41352957487106323,6,1,29,54,75,71
95,20250405,-200.0,200,False,True,-0.6440752148628235,-0.3301076591014862,5,0,31,59,78,63
96,20250406,-200.0,200,False,True,-0.43274426460266113,-0.30693888664245605,4,0,41,71,65,64
97,20250407,-200.0,200,False,True,-0.4660007059574127,-0.36807915568351746,4,0,61,67,67,66
98,20250408,-200.0,200,False,True,-0.5129957795143127,-0.3805616796016693,4,0,31,73,59,68
99,20250409,-200.0,200,False,True,-0.39361387491226196,-0.32672402262687683,5,1,34,48,74,78
100,20250410,-200.0,200,False,True,-0.5566626191139221,-0.3627661466598511,5,1,102,58,67,75
101,20250411,-200.0,200,False,True,-0.6255857944488525,-0.43673068284988403,7,0,169,58,76,66
102,20250412,-200.0,200,False,True,-0.5374272465705872,-0.31140294671058655,6,2,7,67,54,79
103,20250413,-200.0,200,False,True,-0.5624604821205139,-0.41911250352859497,5,0,38,67,65,68
104,20250414,-200.0,200,False,True,-0.5071783661842346,-0.464187353849411,6,1,15,76,63,61
105,20250415,-200.0,200,False,True,-0.4535669684410095,-0.4184263050556183,4,1,154,62,61,77
106,20250416,-200.0,200,False,True,-0.47904518246650696,-0.4608105719089508,5,0,80,80,59,61
107,20250417,-200.0,200,False,True,-0.5311483144760132,-0.38695335388183594,6,1,74,60,70,70
108,20250418,-200.0,200,False,True,-0.5827879905700684,-0.41708827018737793,4,2,95,67,64,69
109,20250419,-200.0,200,False,True,-0.4909299910068512,-0.3762936294078827,6,1,195,67,63,70
110,20250420,-200.0,200,False,True,-0.4575468599796295,-0.4561934769153595,6,2,3,58,75,67
111,20250421,-200.0,200,False,True,-0.5234295129776001,-0.3827597200870514,7,1,27,62,66,72
112,20250422,-200.0,200,False,True,-0.4052201807498932,-0.4018782675266266,6,1,61,62,67,71
113,20250423,-200.0,200,False,True,-0.5029572248458862,-0.45003750920295715,6,1,180,63,85,52
114,20250424,-200.0,200,False,True,-0.5344805717468262,-0.44101330637931824,5,1,190,68,72,60
115,20250425,-200.0,200,False,True,-0.47748634219169617,-0.3432617783546448,8,1,136,63,70,67
116,20250426,-200.0,200,False,True,-0.32064539194107056,-0.32064539194107056,5,1,123,68,74,58
117,20250427,-200.0,200,False,True,-0.48338019847869873,-0.42729827761650085,7,1,10,66,73,61
118,20250428,-200.0,200,False,True,-0.5672098994255066,-0.29867589473724365,5,0,4,71,74,55
119,20250429,-200.0,200,False,True,-0.4482640027999878,-0.393321692943573,5,2,102,69,64,67
120,20250430,-200.0,200,False,True,-0.38948988914489746,-0.38549095392227173,5,0,88,67,67,66
121,20250431,-200.0,200,False,True,-0.5920842289924622,-0.3763183355331421,5,1,59,76,67,57
122,20250432,-200.0,200,False,True,-0.4983556866645813,-0.4105481803417206,6,1,67,57,80,63
123,20250433,-200.0,200,False,True,-0.4165748655796051,-0.39713603258132935,4,2,39,57,70,73
124,20250434,-200.0,200,False,True,-0.42569491267204285,-0.42569491267204285,6,0,59,70,75,55
125,20250435,-200.0,200,False,True,-0.45880126953125,-0.42482754588127136,8,1,118,61,70,69
126,20250436,-200.0,200,False,True,-0.5681617856025696,-0.29742300510406494,7,0,111,72,58,70
127,20250437,-200.0,200,False,True,-0.5968868136405945,-0.4339349865913391,7,1,26,65,73,62
128,20250438,-200.0,200,False,True,-0.5560329556465149,-0.44090962409973145,6,2,76,76,66,58
129,20250439,-200.0,200,False,True,-0.5543549060821533,-0.4697955548763275,6,1,153,68,74,58
130,20250440,-200.0,200,False,True,-0.42451053857803345,-0.4109175503253937,8,2,102,71,66,63
131,20250441,-200.0,200,False,True,-0.587088406085968,-0.4476182460784912,5,1,93,72,71,57
132,20250442,-200.0,200,False,True,-0.5421378016471863,-0.4127218425273895,4,2,16,57,71,72
133,20250443,-200.0,200,False,True,-0.49454766511917114,-0.42738616466522217,6,0,58,70,65,65
134,20250444,-200.0,200,False,True,-0.6672617197036743,-0.3445909023284912,9,1,13,54,71,75
135,20250445,-200.0,200,False,True,-0.4204346835613251,-0.3146846890449524,6,2,90,70,63,67
136,20250446,-200.0,200,False,True,-0.5443560481071472,-0.4607948958873749,4,0,30,78,58,64
137,20250447,-200.0,200,False,True,-0.49343574047088623,-0.37111514806747437,4,1,4,61,73,66
138,20250448,-200.0,200,False,True,-0.5307766795158386,-0.4498768746852875,5,2,16,67,67,66
139,20250449,-200.0,200,False,True,-0.5053094625473022,-0.42194342613220215,5,1,80,66,67,67
140,20250450,-200.0,200,False,True,-0.4460974931716919,-0.3512226641178131,7,0,95,59,68,73
141,20250451,-200.0,200,False,True,-0.42024409770965576,-0.4111853539943695,6,2,105,72,55,73
142,20250452,-200.0,200,False,True,-0.5205580592155457,-0.41034644842147827,4,1,15,64,69,67
143,20250453,-200.0,200,False,True,-0.5947210788726807,-0.42876890301704407,4,1,35,71,62,67
144,20250454,-200.0,200,False,True,-0.5687209963798523,-0.3570830523967743,6,2,114,67,63,70
145,20250455,-200.0,200,False,True,-0.5130302906036377,-0.4326884150505066,5,2,176,71,54,75
146,20250456,-200.0,200,False,True,-0.4421593248844147,-0.4107540249824524,11,0,44,72,63,65
147,20250457,-200.0,200,False,True,-0.5027967095375061,-0.40013623237609863,7,0,17,66,69,65
148,20250458,-200.0,200,False,True,-0.5911499857902527,-0.44310328364372253,7,1,121,50,88,62
149,20250459,-200.0,200,False,True,-0.5783854722976685,-0.38632458448410034,4,0,29,75,65,60
150,20250460,-200.0,200,False,True,-0.5995851159095764,-0.46438848972320557,5,0,57,79,67,54
151,20250461,-200.0,200,False,True,-0.6222320795059204,-0.4005475342273712,5,0,40,70,68,62
152,20250462,-200.0,200,False,True,-0.4406103193759918,-0.41227293014526367,7,1,12,74,71,55
153,20250463,-200.0,200,False,True,-0.40405651926994324,-0.40405651926994324,5,1,96,64,66,70
154,20250464,-200.0,200,False,True,-0.5715705752372742,-0.4295320510864258,6,1,15,67,73,60
155,20250465,-200.0,200,False,True,-0.481035441160202,-0.3841109871864319,5,2,10,58,61,81
156,20250466,-200.0,200,False,True,-0.5230563282966614,-0.5140737295150757,6,0,63,84,56,60
157,20250467,-200.0,200,False,True,-0.52006596326828,-0.4233282804489136,8,0,161,77,62,61
158,20250468,-200.0,200,False,True,-0.4815554618835449,-0.4087661802768707,5,0,40,58,77,65
159,20250469,-200.0,200,False,True,-0.5738163590431213,-0.4086659252643585,5,1,86,53,80,67
160,20250470,-200.0,200,False,True,-0.5161070823669434,-0.3842250406742096,5,1,103,60,77,63
161,20250471,-200.0,200,False,True,-0.6362723708152771,-0.317545086145401,5,1,35,73,66,61
162,20250472,-200.0,200,False,True,-0.44506409764289856,-0.3820010721683502,4,2,27,59,72,69
163,20250473,-200.0,200,False,True,-0.5133635997772217,-0.3737330734729767,6,2,151,60,64,76
164,20250474,-200.0,200,False,True,-0.4251774251461029,-0.3324574828147888,4,1,16,68,73,59
165,20250475,-200.0,200,False,True,-0.40899205207824707,-0.3257146179676056,5,0,59,66,62,72
166,20250476,-200.0,200,False,True,-0.5077501535415649,-0.47605210542678833,6,2,56,64,63,73
167,20250477,-200.0,200,False,True,-0.6926620602607727,-0.3237965703010559,4,0,27,66,69,65
168,20250478,-200.0,200,False,True,-0.570787250995636,-0.4444422721862793,4,1,26,69,66,65
169,20250479,-200.0,200,False,True,-0.4733169972896576,-0.4733169972896576,6,1,165,69,68,63
170,20250480,-200.0,200,False,True,-0.6179451942443848,-0.4254743754863739,5,1,167,65,78,57
171,20250481,-200.0,200,False,True,-0.4526573419570923,-0.3793097138404846,4,2,31,63,69,68
172,20250482,-200.0,200,False,True,-0.5390404462814331,-0.306153267621994,5,1,102,57,78,65
173,20250483,-200.0,200,False,True,-0.6271831393241882,-0.27908679842948914,6,2,77,70,70,60
174,20250484,-200.0,200,False,True,-0.5711326599121094,-0.422162801027298,6,2,71,60,69,71
175,20250485,-200.0,200,False,True,-0.5811391472816467,-0.3722066581249237,5,1,69,61,68,71
176,20250486,-200.0,200,False,True,-0.39361676573753357,-0.38319385051727295,4,1,45,72,62,66
177,20250487,-200.0,200,False,True,-0.387578547000885,-0.38559067249298096,6,0,143,63,76,61
178,20250488,-200.0,200,False,True,-0.5154173374176025,-0.385088711977005,4,0,62,69,68,63
179,20250489,-200.0,200,False,True,-0.6790429353713989,-0.40065115690231323,5,0,190,70,56,74
180,20250490,-200.0,200,False,True,-0.4887087345123291,-0.46031108498573303,6,1,34,61,79,60
181,20250491,-200.0,200,False,True,-0.5193051695823669,-0.37331831455230713,7,1,84,60,62,78
182,20250492,-200.0,200,False,True,-0.5044798851013184,-0.47738033533096313,5,0,46,71,70,59
183,20250493,-200.0,200,False,True,-0.5174885392189026,-0.46629807353019714,4,2,32,69,71,60
184,20250494,-200.0,200,False,True,-0.6095311045646667,-0.3977993428707123,6,2,159,56,68,76
185,20250495,-200.0,200,False,True,-0.45534196496009827,-0.3573729395866394,7,0,57,64,66,70
186,20250496,-200.0,200,False,True,-0.5760216116905212,-0.4285755455493927,5,1,174,55,74,71
187,20250497,-200.0,200,False,True,-0.5409552454948425,-0.3302955627441406,5,1,122,62,64,74
188,20250498,-200.0,200,False,True,-0.4866703152656555,-0.3964715898036957,4,0,124,70,63,67
189,20250499,-200.0,200,False,True,-0.5800402164459229,-0.2857871353626251,6,2,133,58,72,70
190,20250500,-200.0,200,False,True,-0.2787294089794159,-0.276672899723053,5,0,17,67,71,62
191,20250501,-200.0,200,False,True,-0.4956724941730499,-0.427289754152298,5,1,168,59,73,68
192,20250502,-200.0,200,False,True,-0.6856721639633179,-0.3328275680541992,4,2,2,69,61,70
193,20250503,-200.0,200,False,True,-0.5900810360908508,-0.4619273245334625,5,0,15,80,54,66
194,20250504,-200.0,200,False,True,-0.6276445388793945,-0.4214194118976593,5,0,179,56,73,71
195,20250505,-200.0,200,False,True,-0.5258272886276245,-0.41105884313583374,4,0,113,61,70,69
196,20250506,-200.0,200,False,True,-0.4508516192436218,-0.4508516192436218,5,0,116,74,59,67
197,20250507,-200.0,200,False,True,-0.4638610780239105,-0.40661025047302246,4,2,23,71,66,63
198,20250508,-200.0,200,False,True,-0.6869848370552063,-0.4003278613090515,4,0,3,80,67,53
199,20250509,-200.0,200,False,True,-0.4657547175884247,-0.4326399266719818,6,1,159,68,67,65
200,20250510,-200.0,200,False,True,-0.4266575276851654,-0.3360615074634552,7,1,121,54,73,73
201,20250511,-200.0,200,False,True,-0.5233731269836426,-0.35673195123672485,6,2,129,69,63,68
202,20250512,-200.0,200,False,True,-0.4904468357563019,-0.4505491554737091,6,0,34,71,68,61
203,20250513,-200.0,200,False,True,-0.3803059458732605,-0.32365813851356506,7,2,108,66,72,62
204,20250514,-200.0,200,False,True,-0.47785645723342896,-0.4132719933986664,5,0,84,71,56,73
205,20250515,-200.0,200,False,True,-0.5947568416595459,-0.43803444504737854,7,1,50,60,82,58
206,20250516,-200.0,200,False,True,-0.5655695796012878,-0.4265136122703552,5,2,88,72,68,60
207,20250517,-200.0,200,False,True,-0.653892457485199,-0.35001546144485474,4,2,28,64,67,69
208,20250518,-200.0,200,False,True,-0.45948895812034607,-0.4323481023311615,5,0,18,69,69,62
209,20250519,-200.0,200,False,True,-0.6493141055107117,-0.3718147873878479,4,1,2,72,57,71
210,20250520,-200.0,200,False,True,-0.5308167934417725,-0.4167936146259308,4,1,76,61,72,67
211,20250521,-200.0,200,False,True,-0.4490698277950287,-0.4189493656158447,5,2,126,69,65,66
212,20250522,-200.0,200,False,True,-0.46153634786605835,-0.4094856381416321,5,2,144,72,50,78
213,20250523,-200.0,200,False,True,-0.557517945766449,-0.4413678050041199,5,1,144,62,71,67
214,20250524,-200.0,200,False,True,-0.4658782482147217,-0.26518914103507996,7,2,167,57,67,76
215,20250525,-200.0,200,False,True,-0.4915987551212311,-0.2851859927177429,5,2,190,66,71,63
216,20250526,-200.0,200,False,True,-0.27458786964416504,-0.27458786964416504,6,1,128,59,72,69
217,20250527,-200.0,200,False,True,-0.516980767250061,-0.40731143951416016,6,1,4,54,71,75
218,20250528,-200.0,200,False,True,-0.5529428720474243,-0.4711635112762451,5,1,47,57,74,69
219,20250529,-200.0,200,False,True,-0.40144670009613037,-0.3619125783443451,7,0,128,54,62,84
220,20250530,-200.0,200,False,True,-0.6208873987197876,-0.37392085790634155,5,0,49,72,60,68
221,20250531,-200.0,200,False,True,-0.4804801344871521,-0.37676841020584106,5,0,14,64,72,64
222,20250532,-200.0,200,False,True,-0.5629083514213562,-0.3339136242866516,5,2,122,62,63,75
223,20250533,-200.0,200,False,True,-0.5892762541770935,-0.42586344480514526,7,0,23,72,65,63
224,20250534,-200.0,200,False,True,-0.5734511017799377,-0.40724417567253113,5,1,160,60,77,63
225,20250535,-200.0,200,False,True,-0.6954360604286194,-0.3656276762485504,5,1,81,63,67,70
226,20250536,-200.0,200,False,True,-0.47458821535110474,-0.43059664964675903,5,1,16,63,66,71
227,20250537,-200.0,200,False,True,-0.6650665402412415,-0.3910844624042511,4,1,8,57,60,83
228,20250538,-200.0,200,False,True,-0.5156736969947815,-0.4019782245159149,6,0,76,68,59,73
229,20250539,-200.0,200,False,True,-0.6197559833526611,-0.4185527265071869,5,0,4,75,60,65
230,20250540,-200.0,200,False,True,-0.5859875679016113,-0.4282989203929901,5,2,144,62,70,68
231,20250541,-200.0,200,False,True,-0.6034735441207886,-0.4221268594264984,5,0,12,67,68,65
232,20250542,-200.0,200,False,True,-0.3951922357082367,-0.38179317116737366,5,2,13,72,58,70
233,20250543,-200.0,200,False,True,-0.6247625946998596,-0.2979671359062195,5,0,148,65,67,68
234,20250544,-200.0,200,False,True,-0.4774824380874634,-0.42783769965171814,7,1,45,67,73,60
235,20250545,-200.0,200,False,True,-0.46209660172462463,-0.43139928579330444,4,2,186,76,60,64
236,20250546,-200.0,200,False,True,-0.566912055015564,-0.44178423285484314,7,0,45,68,67,65
237,20250547,-200.0,200,False,True,-0.5861645936965942,-0.36109673976898193,5,2,63,65,64,71
238,20250548,-200.0,200,False,True,-0.48572060465812683,-0.4420963525772095,6,0,120,79,61,60
239,20250549,-200.0,200,False,True,-0.5015805959701538,-0.4536924660205841,5,2,73,67,65,68
240,20250550,-200.0,200,False,True,-0.5928337574005127,-0.4156532883644104,6,1,57,70,69,61
241,20250551,-200.0,200,False,True,-0.5032985210418701,-0.37123093008995056,6,2,18,59,74,67
242,20250552,-200.0,200,False,True,-0.5161491632461548,-0.4578709006309509,6,0,5,70,61,69
243,20250553,-200.0,200,False,True,-0.5330230593681335,-0.4274938702583313,5,2,12,65,64,71
244,20250554,-200.0,200,False,True,-0.4916785657405853,-0.3759770691394806,6,2,163,63,72,65
245,20250555,-200.0,200,False,True,-0.38876283168792725,-0.2962013781070709,5,1,35,65,73,62
246,20250556,-200.0,200,False,True,-0.5787596106529236,-0.37140512466430664,5,0,100,76,66,58
247,20250557,-200.0,200,False,True,-0.5605047941207886,-0.36884623765945435,6,1,37,56,69,75
248,20250558,-200.0,200,False,True,-0.4577416479587555,-0.2552330791950226,6,2,109,68,63,69
249,20250559,-200.0,200,False,True,-0.4419722557067871,-0.414108008146286,6,1,45,70,67,63
250,20250560,-200.0,200,False,True,-0.5838075876235962,-0.35257595777511597,5,0,166,62,59,79
251,20250561,-200.0,200,False,True,-0.4867689311504364,-0.43735694885253906,6,0,73,70,65,65
252,20250562,-200.0,200,False,True,-0.542759895324707,-0.24636432528495789,6,2,91,71,55,74
253,20250563,-200.0,200,False,True,-0.6557884812355042,-0.39953237771987915,4,0,24,68,66,66
254,20250564,-200.0,200,False,True,-0.6330760717391968,-0.4085579514503479,6,1,193,68,66,66
255,20250565,-200.0,200,False,True,-0.712598443031311,-0.3431652784347534,6,1,97,66,69,65
256,20250566,-200.0,200,False,True,-0.5061389207839966,-0.3838987350463867,5,0,6,84,51,65
257,20250567,-200.0,200,False,True,-0.322598934173584,-0.1955627202987671,5,1,43,59,67,74
258,20250568,-200.0,200,False,True,-0.45343196392059326,-0.45343196392059326,4,1,3,66,77,57
259,20250569,-200.0,200,False,True,-0.5265729427337646,-0.38707149028778076,6,0,111,79,58,63
260,20250570,-200.0,200,False,True,-0.5016679167747498,-0.37821975350379944,5,1,116,69,72,59
261,20250571,-200.0,200,False,True,-0.48000210523605347,-0.370074063539505,5,0,62,75,61,64
262,20250572,-200.0,200,False,True,-0.4039534032344818,-0.37544742226600647,5,2,39,67,75,58
263,20250573,-200.0,200,False,True,-0.5272204875946045,-0.41894543170928955,6,0,48,68,63,69
264,20250574,-200.0,200,False,True,-0.497308611869812,-0.4632527232170105,6,1,46,59,85,56
265,20250575,-200.0,200,False,True,-0.4477280080318451,-0.4305247962474823,4,1,50,58,75,67
266,20250576,-200.0,200,False,True,-0.5692303776741028,-0.44755518436431885,7,2,44,70,52,78
267,20250577,-200.0,200,False,True,-0.46526551246643066,-0.4533664882183075,5,2,93,66,67,67
268,20250578,-200.0,200,False,True,-0.7184197902679443,-0.38827890157699585,6,2,10,59,69,72
269,20250579,-200.0,200,False,True,-0.5293590426445007,-0.4242803156375885,4,1,148,63,76,61
270,20250580,-200.0,200,False,True,-0.5282604694366455,-0.4149882197380066,6,2,15,66,72,62
271,20250581,-200.0,200,False,True,-0.6226142644882202,-0.42586129903793335,6,2,27,60,67,73
272,20250582,-200.0,200,False,True,-0.470063179731369,-0.4434095621109009,6,1,7,59,73,68
273,20250583,-200.0,200,False,True,-0.7177914977073669,-0.3470641076564789,6,0,99,74,63,63
274,20250584,-200.0,200,False,True,-0.5931004881858826,-0.39772260189056396,5,2,90,64,69,67
275,20250585,-200.0,200,False,True,-0.5273521542549133,-0.446204274892807,5,2,59,65,71,64
276,20250586,-200.0,200,False,True,-0.5256708860397339,-0.4233283996582031,7,1,64,73,66,61
277,20250587,-200.0,200,False,True,-0.6925411224365234,-0.3036734461784363,8,1,143,65,67,68
278,20250588,-200.0,200,False,True,-0.4809570014476776,-0.4344601631164551,7,0,33,77,60,63
279,20250589,-200.0,200,False,True,-0.6236718893051147,-0.37830817699432373,4,1,12,66,79,55
280,20250590,-200.0,200,False,True,-0.5188767313957214,-0.3882274031639099,5,2,82,67,66,67
281,20250591,-200.0,200,False,True,-0.48865649104118347,-0.45958200097084045,5,1,9,69,61,70
282,20250592,-200.0,200,False,True,-0.5896031856536865,-0.39412403106689453,4,2,18,62,67,71
283,20250593,-200.0,200,False,True,-0.5290651917457581,-0.45889291167259216,5,0,80,80,58,62
284,20250594,-200.0,200,False,True,-0.5210098028182983,-0.4288777709007263,6,2,3,61,68,71
285,20250595,-200.0,200,False,True,-0.46713969111442566,-0.44172215461730957,7,0,139,70,66,64
286,20250596,-200.0,200,False,True,-0.6389438509941101,-0.4141894280910492,6,0,108,67,65,68
287,20250597,-200.0,200,False,True,-0.7384874820709229,-0.33236855268478394,5,2,80,68,56,76
288,20250598,-200.0,200,False,True,-0.5385095477104187,-0.4188779592514038,4,2,23,55,71,74
289,20250599,-200.0,200,False,True,-0.6434410214424133,-0.4266451299190521,7,1,163,69,71,60
290,20250600,-200.0,200,False,True,-0.4663686156272888,-0.42476633191108704,5,0,22,70,75,55
291,20250601,-200.0,200,False,True,-0.40424010157585144,-0.3805685341358185,5,2,154,60,67,73
292,20250602,-200.0,200,False,True,-0.5817482471466064,-0.3602496385574341,5,2,135,67,74,59
293,20250603,-200.0,200,False,True,-0.4102443754673004,-0.39188531041145325,4,2,58,69,63,68
294,20250604,-200.0,200,False,True,-0.5685415863990784,-0.4319539964199066,7,1,94,62,82,56
295,20250605,-200.0,200,False,True,-0.4971851408481598,-0.30107367038726807,5,1,129,72,65,63
296,20250606,-200.0,200,False,True,-0.6126673221588135,-0.344887375831604,5,0,20,77,59,64
297,20250607,-200.0,200,False,True,-0.627271831035614,-0.3143370747566223,7,2,62,73,59,68
298,20250608,-200.0,200,False,True,-0.6584373116493225,-0.35485222935676575,4,0,83,59,69,72
299,20250609,-200.0,200,False,True,-0.396366685628891,-0.3827700614929199,5,1,114,60,81,59
300,20250610,-200.0,200,False,True,-0.46580520272254944,-0.3646983802318573,5,2,27,70,65,65
301,20250611,-200.0,200,False,True,-0.4515708088874817,-0.3894520401954651,6,1,54,56,75,69
302,20250612,-200.0,200,False,True,-0.46838438510894775,-0.382311075925827,8,1,92,73,70,57
303,20250613,-200.0,200,False,True,-0.43433189392089844,-0.3996591567993164,6,1,142,58,81,61
304,20250614,-200.0,200,False,True,-0.49286124110221863,-0.42839306592941284,6,1,174,63,71,66
305,20250615,-200.0,200,False,True,-0.4713384509086609,-0.32534080743789673,6,2,5,58,77,65
306,20250616,-200.0,200,False,True,-0.49160879850387573,-0.36075663566589355,5,2,170,76,61,63
307,20250617,-200.0,200,False,True,-0.5851248502731323,-0.4142654538154602,3,2,28,79,60,61
308,20250618,-200.0,200,False,True,-0.6007043719291687,-0.3691849112510681,6,1,89,73,74,53
309,20250619,-200.0,200,False,True,-0.5152500867843628,-0.40131136775016785,6,1,1,64,69,67
310,20250620,-200.0,200,False,True,-0.3562680780887604,-0.3562680780887604,6,2,95,68,59,73
311,20250621,-200.0,200,False,True,-0.42101070284843445,-0.3971315920352936,6,2,28,65,66,69
312,20250622,-200.0,200,False,True,-0.4263800084590912,-0.39650124311447144,4,0,112,78,58,64
313,20250623,-200.0,200,False,True,-0.5658369064331055,-0.417633593082428,6,1,186,70,75,55
314,20250624,-200.0,200,False,True,-0.592653751373291,-0.43941089510917664,4,1,14,80,60,60
315,20250625,-200.0,200,False,True,-0.41116222739219666,-0.4033202826976776,7,0,18,75,68,57
316,20250626,-200.0,200,False,True,-0.5302810072898865,-0.43489423394203186,5,0,40,61,66,73
317,20250627,-200.0,200,False,True,-0.5122159123420715,-0.39042922854423523,5,0,120,66,65,69
318,20250628,-200.0,200,False,True,-0.37529993057250977,-0.37529993057250977,4,2,38,61,72,67
319,20250629,-200.0,200,False,True,-0.2512371838092804,-0.2512371838092804,9,1,49,63,69,68
320,20250630,-200.0,200,False,True,-0.5314380526542664,-0.3255169689655304,6,1,94,60,80,60
321,20250631,-200.0,200,False,True,-0.6086762547492981,-0.34522756934165955,5,0,36,70,57,73
322,20250632,-200.0,200,False,True,-0.5293242335319519,-0.3896482586860657,4,2,16,65,65,70
323,20250633,-200.0,200,False,True,-0.6361512541770935,-0.4167495369911194,7,1,145,71,71,58
324,20250634,-200.0,200,False,True,-0.5010033249855042,-0.4010595679283142,5,1,185,65,68,67
325,20250635,-200.0,200,False,True,-0.676079273223877,-0.34629467129707336,6,2,17,64,70,66
326,20250636,-200.0,200,False,True,-0.47161704301834106,-0.47154712677001953,5,0,40,72,68,60
327,20250637,-200.0,200,False,True,-0.3896574079990387,-0.3896574079990387,5,1,153,57,75,68
328,20250638,-200.0,200,False,True,-0.5494368076324463,-0.35838067531585693,5,0,13,70,63,67
329,20250639,-200.0,200,False,True,-0.32963937520980835,-0.32335707545280457,7,2,46,67,65,68
330,20250640,-200.0,200,False,True,-0.45820868015289307,-0.3310513198375702,6,2,40,60,67,73
331,20250641,-200.0,200,False,True,-0.5133056044578552,-0.4454247057437897,6,2,18,60,77,63
332,20250642,-200.0,200,False,True,-0.7690059542655945,-0.20310674607753754,4,2,1,68,63,69
333,20250643,-200.0,200,False,True,-0.5601279139518738,-0.4619573652744293,6,0,81,72,63,65
334,20250644,-200.0,200,False,True,-0.45929354429244995,-0.41769731044769287,5,1,123,66,63,71
335,20250645,-200.0,200,False,True,-0.4954602122306824,-0.37982481718063354,5,1,37,58,70,72
336,20250646,-200.0,200,False,True,-0.563446044921875,-0.37997570633888245,4,2,111,62,68,70
337,20250647,-200.0,200,False,True,-0.504511296749115,-0.367309033870697,7,2,87,74,52,74
338,20250648,-200.0,200,False,True,-0.4629998803138733,-0.40804874897003174,4,1,8,60,74,66
339,20250649,-200.0,200,False,True,-0.5473247170448303,-0.48954126238822937,5,1,37,73,59,68
340,20250650,-200.0,200,False,True,-0.5824481844902039,-0.41234785318374634,4,0,102,66,58,76
341,20250651,-200.0,200,False,True,-0.5028899908065796,-0.42769908905029297,4,2,113,65,64,71
342,20250652,-200.0,200,False,True,-0.617681622505188,-0.4113498628139496,5,2,10,80,61,59
343,20250653,-200.0,200,False,True,-0.5134725570678711,-0.3471043109893799,5,0,78,72,68,60
344,20250654,-200.0,200,False,True,-0.7263815999031067,-0.335275262594223,7,0,36,73,64,63
345,20250655,-200.0,200,False,True,-0.43154412508010864,-0.39998099207878113,4,1,11,68,70,62
346,20250656,-200.0,200,False,True,-0.42042678594589233,-0.37881338596343994,6,0,74,60,73,67
347,20250657,-200.0,200,False,True,-0.46887579560279846,-0.4338300824165344,6,2,167,69,62,69
348,20250658,-200.0,200,False,True,-0.6206836104393005,-0.3986673355102539,5,0,169,81,69,50
349,20250659,-200.0,200,False,True,-0.3567085564136505,-0.3567085564136505,6,2,103,47,78,75
350,20250660,-200.0,200,False,True,-0.5248591303825378,-0.4273664355278015,4,2,40,64,67,69
351,20250661,-200.0,200,False,True,-0.5885031819343567,-0.34264838695526123,5,0,81,69,60,71
352,20250662,-200.0,200,False,True,-0.6358336210250854,-0.39360490441322327,5,2,83,62,66,72
353,20250663,-200.0,200,False,True,-0.42383092641830444,-0.42383092641830444,6,0,154,61,70,69
354,20250664,-200.0,200,False,True,-0.545102596282959,-0.30449557304382324,5,2,92,66,54,80
355,20250665,-200.0,200,False,True,-0.44799864292144775,-0.30290859937667847,5,2,138,65,58,77
356,20250666,-200.0,200,False,True,-0.4573153555393219,-0.4227508008480072,4,1,95,70,69,61
357,20250667,-200.0,200,False,True,-0.4257749319076538,-0.4016662538051605,5,0,64,68,69,63
358,20250668,-200.0,200,False,True,-0.4855484366416931,-0.366820365190506,7,1,39,65,69,66
359,20250669,-200.0,200,False,True,-0.6467702984809875,-0.4306449890136719,5,1,179,75,65,60
360,20250670,-200.0,200,False,True,-0.6371327042579651,-0.4309861958026886,4,2,85,64,68,68
361,20250671,-200.0,200,False,True,-0.526242733001709,-0.4457561671733856,6,1,22,78,60,62
362,20250672,-200.0,200,False,True,-0.39523088932037354,-0.3775976598262787,5,2,166,74,59,67
363,20250673,-200.0,200,False,True,-0.5420073866844177,-0.4793705642223358,6,0,32,79,69,52
364,20250674,-200.0,200,False,True,-0.4859761893749237,-0.4296715557575226,4,1,123,63,65,72
365,20250675,-200.0,200,False,True,-0.5060574412345886,-0.3920798897743225,5,0,93,60,69,71
366,20250676,-200.0,200,False,True,-0.5001317262649536,-0.39795154333114624,6,1,176,62,66,72
367,20250677,-200.0,200,False,True,-0.3860759139060974,-0.36687198281288147,6,1,54,72,65,63
368,20250678,-200.0,200,False,True,-0.5346469283103943,-0.36080655455589294,4,2,58,68,66,66
369,20250679,-200.0,200,False,True,-0.5351282954216003,-0.45075199007987976,7,2,43,68,70,62
370,20250680,-200.0,200,False,True,-0.48119068145751953,-0.41261839866638184,6,2,60,59,72,69
371,20250681,-200.0,200,False,True,-0.656721830368042,-0.3419506549835205,5,2,4,69,64,67
372,20250682,-200.0,200,False,True,-0.4876096248626709,-0.3971819579601288,6,0,61,73,55,72
373,20250683,-200.0,200,False,True,-0.41992801427841187,-0.3052888810634613,4,2,106,71,65,64
374,20250684,-200.0,200,False,True,-0.4696060121059418,-0.4468395709991455,6,2,187,65,63,72
375,20250685,-200.0,200,False,True,-0.5016632080078125,-0.4580906331539154,7,1,9,64,77,59
376,20250686,-200.0,200,False,True,-0.6021001935005188,-0.30268558859825134,5,2,80,68,69,63
377,20250687,-200.0,200,False,True,-0.43119943141937256,-0.40494316816329956,5,1,172,72,65,63
378,20250688,-200.0,200,False,True,-0.5336083173751831,-0.3943941593170166,6,2,128,59,68,73
379,20250689,-200.0,200,False,True,-0.5490363240242004,-0.38912948966026306,6,0,188,83,54,63
380,20250690,-200.0,200,False,True,-0.4568870961666107,-0.4150853455066681,4,0,13,68,69,63
381,20250691,-200.0,200,False,True,-0.443391352891922,-0.4121507406234741,5,0,107,53,67,80
382,20250692,-200.0,200,False,True,-0.3656211793422699,-0.35676416754722595,4,2,11,70,56,74
383,20250693,-200.0,200,False,True,-0.6229860782623291,-0.3998104929924011,5,2,173,68,60,72
384,20250694,-200.0,200,False,True,-0.5186139941215515,-0.3762580156326294,6,1,170,68,63,69
385,20250695,-200.0,200,False,True,-0.5108027458190918,-0.34673595428466797,6,0,15,55,73,72
386,20250696,-200.0,200,False,True,-0.6366835236549377,-0.37242448329925537,7,2,67,55,75,70
387,20250697,-200.0,200,False,True,-0.5052664279937744,-0.30928218364715576,7,0,66,70,75,55
388,20250698,-200.0,200,False,True,-0.6760786175727844,-0.25981605052948,5,0,73,59,63,78
389,20250699,-200.0,200,False,True,-0.5431456565856934,-0.37118181586265564,6,2,35,63,74,63
390,20250700,-200.0,200,False,True,-0.6061837673187256,-0.45490720868110657,4,0,1,73,65,62
391,20250701,-200.0,200,False,True,-0.3910907804965973,-0.3910907804965973,6,1,140,55,71,74
392,20250702,-200.0,200,False,True,-0.5338485240936279,-0.31387782096862793,4,0,63,74,67,59
393,20250703,-200.0,200,False,True,-0.40966349840164185,-0.3600808382034302,7,2,32,63,67,70
394,20250704,-200.0,200,False,True,-0.5287873148918152,-0.39197951555252075,6,1,75,74,67,59
395,20250705,-200.0,200,False,True,-0.5151181221008301,-0.4545830190181732,7,1,183,61,72,67
396,20250706,-200.0,200,False,True,-0.5431944131851196,-0.40702226758003235,6,0,19,73,58,69
397,20250707,-200.0,200,False,True,-0.5348503589630127,-0.45285752415657043,5,2,42,71,65,64
398,20250708,-200.0,200,False,True,-0.5143633484840393,-0.4855968952178955,5,2,46,65,81,54
399,20250709,-200.0,200,False,True,-0.3097078204154968,-0.29762476682662964,8,1,190,70,58,72
400,20250710,-200.0,200,False,True,-0.4994407892227173,-0.4499443471431732,6,0,186,60,73,67
401,20250711,-200.0,200,False,True,-0.5768932104110718,-0.4069488048553467,5,1,12,71,71,58
402,20250712,-200.0,200,False,True,-0.7270076274871826,-0.21582084894180298,8,0,8,69,58,73
403,20250713,-200.0,200,False,True,-0.6580580472946167,-0.4021630585193634,4,2,52,69,70,61
404,20250714,-200.0,200,False,True,-0.45914140343666077,-0.45914140343666077,4,0,1,71,59,70
405,20250715,-200.0,200,False,True,-0.5954315662384033,-0.35417795181274414,5,1,137,58,65,77
406,20250716,-200.0,200,False,True,-0.4189510941505432,-0.28420668840408325,4,1,105,63,71,66
407,20250717,-200.0,200,False,True,-0.2543005049228668,-0.2005492001771927,5,1,111,60,70,70
408,20250718,-200.0,200,False,True,-0.539309561252594,-0.3956567049026489,5,1,179,69,70,61
409,20250719,-200.0,200,False,True,-0.4038621783256531,-0.3194389343261719,7,2,159,63,66,71
410,20250720,-200.0,200,False,True,-0.5881466865539551,-0.43271270394325256,4,1,82,59,74,67
411,20250721,-200.0,200,False,True,-0.663265585899353,-0.4105239808559418,6,1,167,71,72,57
412,20250722,-200.0,200,False,True,-0.41552361845970154,-0.41552361845970154,5,0,12,74,70,56
413,20250723,-200.0,200,False,True,-0.5688798427581787,-0.40070027112960815,5,0,109,67,52,81
414,20250724,-200.0,200,False,True,-0.5337149500846863,-0.4533339738845825,6,0,109,77,66,57
415,20250725,-200.0,200,False,True,-0.5089122653007507,-0.37856534123420715,4,2,36,68,55,77
416,20250726,-200.0,200,False,True,-0.70200115442276,-0.313424289226532,6,1,71,66,67,67
417,20250727,-200.0,200,False,True,-0.5473747253417969,-0.42895588278770447,4,0,125,70,56,74
418,20250728,-200.0,200,False,True,-0.4797852635383606,-0.418452650308609,5,1,52,67,83,50
419,20250729,-200.0,200,False,True,-0.4586848318576813,-0.42211994528770447,5,2,74,70,63,67
420,20250730,-200.0,200,False,True,-0.6192364692687988,-0.4229561388492584,5,1,172,57,81,62
421,20250731,-200.0,200,False,True,-0.4550042748451233,-0.28943565487861633,6,2,41,57,73,70
422,20250732,-200.0,200,False,True,-0.3984531760215759,-0.3959081768989563,4,0,11,63,66,71
423,20250733,-200.0,200,False,True,-0.6010676622390747,-0.342766672372818,6,2,150,54,66,80
424,20250734,-200.0,200,False,True,-0.5636684894561768,-0.41550150513648987,5,0,188,67,64,69
425,20250735,-200.0,200,False,True,-0.44102999567985535,-0.39727336168289185,5,1,149,67,64,69
426,20250736,-200.0,200,False,True,-0.4109833836555481,-0.3009891211986542,5,1,66,64,60,76
427,20250737,-200.0,200,False,True,-0.5335606932640076,-0.3415829539299011,8,0,143,62,82,56
428,20250738,-200.0,200,False,True,-0.5962197184562683,-0.4554443061351776,5,1,9,64,74,62
429,20250739,-200.0,200,False,True,-0.4691806435585022,-0.35872843861579895,5,2,100,56,74,70
430,20250740,-200.0,200,False,True,-0.5067481994628906,-0.2837487459182739,4,0,37,60,66,74
431,20250741,-200.0,200,False,True,-0.5575163960456848,-0.4636918902397156,5,0,66,63,79,58
432,20250742,-200.0,200,False,True,-0.6081791520118713,-0.30389928817749023,5,2,13,69,61,70
433,20250743,-200.0,200,False,True,-0.4409821629524231,-0.34018659591674805,5,2,71,62,61,77
434,20250744,-200.0,200,False,True,-0.4514677822589874,-0.39674562215805054,4,0,23,59,74,67
435,20250745,-200.0,200,False,True,-0.25290215015411377,-0.1683390736579895,6,2,20,61,68,71
436,20250746,-200.0,200,False,True,-0.36191609501838684,-0.33332735300064087,6,0,57,71,59,70
437,20250747,-200.0,200,False,True,-0.5142918825149536,-0.428066223859787,8,2,173,63,74,63
438,20250748,-200.0,200,False,True,-0.3855125606060028,-0.3855125606060028,4,1,44,66,73,61
439,20250749,-200.0,200,False,True,-0.5828250050544739,-0.40011048316955566,7,0,89,63,75,62
440,20250750,-200.0,200,False,True,-0.5585108399391174,-0.4268251359462738,5,2,32,66,62,72
441,20250751,-200.0,200,False,True,-0.5125672221183777,-0.41405972838401794,6,2,76,60,78,62
442,20250752,-200.0,200,False,True,-0.6190789937973022,-0.3882656991481781,10,1,40,65,67,68
443,20250753,-200.0,200,False,True,-0.5624151825904846,-0.4142935872077942,5,1,60,67,73,60
444,20250754,-200.0,200,False,True,-0.5286019444465637,-0.44608214497566223,5,2,24,76,60,64
445,20250755,-200.0,200,False,True,-0.5407921671867371,-0.4386543333530426,6,2,47,69,63,68
446,20250756,-200.0,200,False,True,-0.6736328601837158,-0.37438279390335083,4,2,91,64,61,75
447,20250757,-200.0,200,False,True,-0.7166270017623901,-0.31273865699768066,5,0,43,57,72,71
448,20250758,-200.0,200,False,True,-0.43499770760536194,-0.3864973783493042,6,0,49,68,68,64
449,20250759,-200.0,200,False,True,-0.2282896488904953,-0.2282896488904953,7,0,20,58,83,59
450,20250760,-200.0,200,False,True,-0.5800373554229736,-0.43341752886772156,4,0,161,63,72,65
451,20250761,-200.0,200,False,True,-0.5525327920913696,-0.46898123621940613,5,1,174,63,81,56
452,20250762,-200.0,200,False,True,-0.3739384710788727,-0.346993088722229,6,1,185,61,59,80
453,20250763,-200.0,200,False,True,-0.4361601173877716,-0.4361601173877716,8,1,115,64,71,65
454,20250764,-200.0,200,False,True,-0.3694957196712494,-0.3694957196712494,4,2,53,75,63,62
455,20250765,-200.0,200,False,True,-0.4753842353820801,-0.38735073804855347,4,1,13,77,68,55
456,20250766,-200.0,200,False,True,-0.42941781878471375,-0.40976062417030334,5,0,3,72,55,73
457,20250767,-200.0,200,False,True,-0.6334913372993469,-0.36136773228645325,5,2,56,81,49,70
458,20250768,-200.0,200,False,True,-0.4472036063671112,-0.4303569197654724,4,1,32,61,72,67
459,20250769,-200.0,200,False,True,-0.5340777039527893,-0.494608610868454,4,0,30,71,68,61
460,20250770,-200.0,200,False,True,-0.6632223129272461,-0.3676587641239166,4,0,18,62,68,70
461,20250771,-200.0,200,False,True,-0.3555515706539154,-0.3555515706539154,4,2,22,72,64,64
462,20250772,-200.0,200,False,True,-0.4916442632675171,-0.46587973833084106,5,2,66,68,67,65
463,20250773,-200.0,200,False,True,-0.4729573428630829,-0.44990941882133484,4,2,94,57,81,62
464,20250774,-200.0,200,False,True,-0.6096310615539551,-0.42235881090164185,5,1,43,73,74,53
465,20250775,-200.0,200,False,True,-0.514350175857544,-0.3761643171310425,7,1,125,73,68,59
466,20250776,-200.0,200,False,True,-0.5452114939689636,-0.43542829155921936,4,2,14,64,60,76
467,20250777,-200.0,200,False,True,-0.5701956152915955,-0.31213533878326416,4,2,73,66,57,77
468,20250778,-200.0,200,False,True,-0.6231591105461121,-0.2993963658809662,5,0,116,62,58,80
469,20250779,-200.0,200,False,True,-0.4620056450366974,-0.4438434839248657,4,2,13,69,64,67
470,20250780,-200.0,200,False,True,-0.5976405143737793,-0.19656939804553986,9,0,144,73,56,71
471,20250781,-200.0,200,False,True,-0.4055764675140381,-0.19975794851779938,5,0,146,73,60,67
472,20250782,-200.0,200,False,True,-0.45790866017341614,-0.3460448086261749,6,0,152,74,61,65
473,20250783,-200.0,200,False,True,-0.5315107703208923,-0.46603065729141235,5,2,46,73,66,61
474,20250784,-200.0,200,False,True,-0.513474702835083,-0.49024564027786255,5,2,16,70,69,61
475,20250785,-200.0,200,False,True,-0.5580621361732483,-0.4479379951953888,4,0,13,65,78,57
476,20250786,-200.0,200,False,True,-0.30736711621284485,-0.30736711621284485,5,0,4,59,72,69
477,20250787,-200.0,200,False,True,-0.5777180194854736,-0.41594135761260986,5,1,89,64,77,59
478,20250788,-200.0,200,False,True,-0.40656399726867676,-0.40656399726867676,5,2,36,58,64,78
479,20250789,-200.0,200,False,True,-0.5287598967552185,-0.42800912261009216,5,2,13,82,64,54
480,20250790,-200.0,200,False,True,-0.48984554409980774,-0.4439789056777954,4,1,41,60,78,62
481,20250791,-200.0,200,False,True,-0.5673357248306274,-0.40760982036590576,5,0,3,65,81,54
482,20250792,-200.0,200,False,True,-0.4511726200580597,-0.33766818046569824,7,2,194,66,66,68
483,20250793,-200.0,200,False,True,-0.6073582172393799,-0.3423297703266144,5,0,15,70,65,65
484,20250794,-200.0,200,False,True,-0.47806698083877563,-0.45649901032447815,4,0,155,77,56,67
485,20250795,-200.0,200,False,True,-0.47152775526046753,-0.45675015449523926,4,1,60,60,75,65
486,20250796,-200.0,200,False,True,-0.561539351940155,-0.44517600536346436,6,1,33,75,70,55
487,20250797,-200.0,200,False,True,-0.4002313017845154,-0.3863335847854614,5,2,161,65,62,73
488,20250798,-200.0,200,False,True,-0.6548502445220947,-0.42961037158966064,6,0,153,73,59,68
489,20250799,-200.0,200,False,True,-0.37904277443885803,-0.37904277443885803,4,1,60,72,65,63
490,20250800,-200.0,200,False,True,-0.3795034885406494,-0.3795034885406494,6,1,27,61,69,70
491,20250801,-200.0,200,False,True,-0.6252282857894897,-0.46207186579704285,5,1,69,75,72,53
492,20250802,-200.0,200,False,True,-0.5208223462104797,-0.4420126676559448,5,1,114,67,72,61
493,20250803,-200.0,200,False,True,-0.4580274820327759,-0.3750365078449249,6,0,50,67,68,65
494,20250804,-200.0,200,False,True,-0.5063897371292114,-0.46789512038230896,5,1,57,56,88,56
495,20250805,-200.0,200,False,True,-0.5488892197608948,-0.39302048087120056,7,0,177,76,57,67
496,20250806,-200.0,200,False,True,-0.7345195412635803,-0.34978029131889343,5,0,130,69,59,72
497,20250807,-200.0,200,False,True,-0.7275090217590332,-0.3906864523887634,5,0,192,80,57,63
498,20250808,-200.0,200,False,True,-0.5720392465591431,-0.2694891095161438,6,2,67,60,73,67
499,20250809,-200.0,200,False,True,-0.6113162636756897,-0.4086882472038269,5,1,137,59,64,77
